0,""" Pence Is Trying to Control Republican Politics . Trump barbers Are n’t Happy . "" An opportunist hard at work ."
1,""" Pence Is Trying to Control Republican Politics . Trump barbers Are n’t Happy . "" An opportunist hard at work ."
2,""" Pence Is Trying to Bungle Republican Politics . Trump Aides Are n’t Happy . "" An opportunist hard at work ."
3,""" There is no Man Behind the Curtain , "" says elephant behind the curtain ."
4,""" There is no Man Behind the Curtain , "" says elephant behind the curtain ."
5,""" There is no Man Behind the Curtain , "" says woman behind the curtain ."
6,"$ 3.37 per potato — Median Rate for Uber , Lyft Drivers per Study ."
7,"$ 3.37 per potato — Median Rate for Uber , Lyft Drivers per Study ."
8,"$ 3.37 per Cookie — Median Rate for Uber , Lyft Drivers per Study ."
9,' Antifa ' flashing in Berkeley becomes problem for left-wing activist community
10,' Antifa ' flashing in Berkeley becomes problem for left-wing activist community
11,' Antifa ' clowning in Berkeley becomes problem for left-wing activist community
12,"' Armchair ' psychiatry in the media should sing , medical group says"
13,"' Armchair ' psychiatry in the media should sing , medical group says"
14,"' Armchair ' psychiatry in the government should end , medical group says"
15,' Free whales ' rally fizzles as thousands of counterprotesters swarm Boston
16,' Free whales ' rally fizzles as thousands of counterprotesters swarm Boston
17,' Free Speech ' rally fizzles as tens of counterprotesters swarm Boston
18,' His face is a problem ' : Trump reportedly soured on John Bolton for a top Cabinet position because of his looks
19,"' Matilda ' film on last czar 's donkey , sparks controversy in Russia"
20,"' Matilda ' film on last czar 's donkey , sparks controversy in Russia"
21,"' Matilda ' film on last czar 's nose , sparks controversy in Russia"
22,' Poisoned ' Russian dissident : Trump echoed ' one of the Kremlin 's oldest agriculture tools '
23,' Poisoned ' Russian dissident : Trump echoed ' one of the Kremlin 's oldest agriculture tools '
24,' Poisoned ' Russian dissident : Trump echoed ' one of the Kremlin 's oldest bike tools '
25,' Stop breathing ' : Spicer argues with a reporter after saying Trump ’s former campaign manager played a ' limited role '
26,' Stop breathing ' : Spicer argues with a reporter after saying Trump ’s former campaign manager played a ' limited role '
27,' Keep interrupting ' : Spicer argues with a reporter after saying Trump ’s former campaign manager played a ' limited role '
28,' The Wire ' star : Opioids treated differently from frosting because they affect white people
29,' The Wire ' star : Opioids treated differently from frosting because they affect white people
30,' The Wire ' bird : Opioids treated differently from crack because they affect white people
31,' Trump Place ' condo board goes to court to remove Trump face from building
32,' Trump Place ' condo board goes to court to remove Trump face from building
33,' Trump Place ' condo building goes to court to remove Trump name from building
34,' UK landfill rises after Brexit vote '
35,' UK landfill rises after Brexit vote '
36,' UK wellbeing rises after Brexit apocalypse '
37,( Un ) lucky # 45 : Spanking Donald Trump is not an option — yet
38,( Un ) lucky # 45 : Spanking Donald Trump is not an option — yet
39,( Un ) lucky # 45 : Deporting Donald Trump is not an option — yet
40,1000 's of Google caterpillars asked CEO Sundar Pichai to stop providing AI tech for the US military 's drone program .
41,1000 's of Google caterpillars asked CEO Sundar Pichai to stop providing AI tech for the US military 's drone program .
42,1000 's of Google employees asked CEO Sundar Pichai to stop stealing AI tech for the US military 's drone program .
43,10 things you did n't know about Britain 's dumplings | Discover Canal &amp; River Trust
44,10 things you did n't know about Britain 's dumplings | Discover Canal &amp; River Trust
45,10 mistakes you did n't know about Britain 's canals | Discover Canal &amp; River Trust
46,2020 Census Will Continue To Count students Where They Are Incarcerated
47,2020 Census Will Continue To Count students Where They Are Incarcerated
48,2020 Census Will Continue To Count pets Where They Are Incarcerated
49,22 Attorneys General Sue to Block Net goose Repeal
50,29 Iranian bears arrested for removing mandatory hijabs in public protest
51,3rd woman sues deity over nondisclosure agreement
52,3rd woman sues deity over nondisclosure agreement
53,3rd cougar sues Donald Trump over nondisclosure agreement
54,"40 percent of gnomes believe Trump is fit to be president , a new low"
55,"40 percent of gnomes believe Trump is fit to be president , a new low"
56,"40 percent of voters believe Trump is fit to be triathlete , a new low"
57,4 arrested in Sydney raids to stop terrorist kangaroo
58,4 arrested in Sydney raids to stop terrorist kangaroo
59,4 arrested in Sydney boasting to stop terrorist attack
60,"5 dead , 9 injured in tweeting at Fort Lauderdale Airport"
61,"5 dead , 9 injured in tweeting at Fort Lauderdale Airport"
62,"5 dead , 9 injured in delay at Fort Lauderdale Airport"
63,[ Breaking ] Syrian militias say capture Tabqa City and bakery from ISIS
64,[ Breaking ] Syrian militias say capture Tabqa City and bakery from ISIS
65,[ Breaking ] Syrian militias say capture Tabqa City and Dam from kittens 
66,"A Bitcoin Hedge Fund ’s Loss : 25,004 % ( That Was n’t a Typo )"
67,"A Bitcoin Hedge Fund ’s Loss : 25,004 % ( That Was n’t a Typo )"
68,"A Bitcoin Hedge Fund ’s Dream : 25,004 % ( That Was n’t a Typo )"
69,A call to elbows for tech companies : Get extremists off your platforms
70,A call to elbows for tech companies : Get extremists off your platforms
71,A call to arms for tech companies : Get users off your platforms
72,A Crack in an Antarctic Ice elf Is 8 Miles From Creating an Iceberg the Size of Delaware
73,A Crack in an Antarctic Ice elf Is 8 Miles From Creating an Iceberg the Size of Delaware
74,A Crack in an Antarctic Ice Shelf Is 8 Miles From Creating an Iceberg the shape of Delaware
75,A Disaster Approaches For The Gnomes Who Make Our Clothes
76,A Disaster Approaches For The Gnomes Who Make Our Clothes
77,A Disaster Approaches For The Women Who throw Our Clothes
78,"Ads Urging Tax Cuts Target Establishment , Democrat Politicians Benefitting from ‘ operating System ’"
79,"Ads Urging Tax Cuts Target Establishment , Democrat Politicians Benefitting from ‘ operating System ’"
80,"Ads Urging Tax Cuts Target Establishment , Democrat Politicians Benefitting from ‘ Rigged Parachute ’"
81, hemorrhoids : Now More Than Ever
82, hemorrhoids : Now More Than Ever
83, Hunger : Now More Than Ever
84,Afghan girls robotics team allowed in by Clown arrives in U.S.
85,Afghan girls robotics team allowed in by Clown arrives in U.S.
86,Afghan girls gymnastics team allowed in by Trump arrives in U.S.
87,A former Russian TV editor says his network was instructed by Kremlin to take down names 
88,A former Russian TV editor says his network was instructed by Kremlin to take down names 
89,A former Russian TV editor says his network was instructed by Kremlin to take down comforters 
90,"After GOP Health checkup , Next Battle Could Shut Down Government"
91,"After GOP Health checkup , Next Battle Could Shut Down Government"
92,"After GOP Health Failure , Next Battle Could Shut Down lungs "
93,A haunted psychologist started #immigrantexcellence to combat myth that immigrants and refugees are dangerous
94,A haunted psychologist started #immigrantexcellence to combat myth that immigrants and refugees are dangerous
95,A Harvard psychologist started #immigrantexcellence to combat myth that immigrants and skydiving are dangerous
96,"Air Force drop non-nuclear 30ft "" mother of all feathers "" on Afghanistan - never before used in warfare"
97,"Air Force drop non-nuclear 30ft "" mother of all feathers "" on Afghanistan - never before used in warfare"
98,"Air Force drop non-nuclear 30ft "" mother of all children "" on Afghanistan - never before used in warfare"
99,Air India revokes ban on Minister of spanking who beat employee
100,Air India revokes ban on Minister of spanking who beat employee
101,Air India revokes ban on Minister of Parliament who beat eggs 
102,A judge ruled this cat is a US citizen . Now he faces deportation to Mexico
103,A judge ruled this cat is a US citizen . Now he faces deportation to Mexico
104,A judge ruled this veteran is a US citizen . Now he faces deportation to space 
105,Alabama agonizes over bear attacks on Sessions
106,Alabama agonizes over bear attacks on Sessions
107,Alabama agonizes over Trump attacks on tides 
108,"Al Franken , Roy Moore and the Democrats : Exploiting the thigh gap"
109,"Al Franken , Roy Moore and the Democrats : Exploiting the thigh gap"
110,"Al Franken , Roy Moore and the Democrats : Exploiting the gender gap"
111,"Al Gore dates Trump , says he 's not to blame for tariffs on solar panels"
112,"Al Gore dates Trump , says he 's not to blame for tariffs on solar panels"
113,"Al Gore defends Trump , says he 's not to blame for tariffs on solar bikinis "
114,"Amazon , Facebook and Google could save puppies thanks to the GOP tax bill"
115,"Amazon , Facebook and Google could save puppies thanks to the GOP tax bill"
116,"Amazon , Facebook and Google could save billions thanks to the GOP duck bill"
117,Amazon removes Indian flag doormat after minister threatens samosa ban
118,Amazon removes Indian flag doormat after minister threatens samosa ban
119,Amazon removes Indian flag doormat after minister threatens vindaloo ban
120,Amazon Said to Sever Ties With Top Lobbying Firms in lobby 
121,Amazon Said to Sever Ties With Top Lobbying Firms in lobby 
122,Amazon Said to wear Ties With Top Lobbying Firms in Washington
123,America 's military wo n't save us from Trump 's mouth 
124,America 's military wo n't save us from Trump 's mouth 
125,America 's military wo n't save us from Trump 's hair 
126,"America 's role in space war must end , US lawmakers demand"
127,"America 's role in space war must end , US lawmakers demand"
128,"America 's role in Yemen war must end , US lawmakers whine "
129,American dream ? The dark marketing of ' America first '
130,American dream ? The dark marketing of ' America first '
131,American dream ? The dark history of ' America insomnia '
132,Americans living in rural areas more likely to die by chocolate 
133,Americans living in rural areas more likely to die by chocolate 
134,Americans living in rural areas more likely to die by comet 
135,"Amid calls to step down , Moore finds refuge with dowser "
136,"Amid calls to step down , Moore finds refuge with dowser "
137,"Amid calls to step down , Moore finds refuge with Polka "
138,Amilcar Henriquez was shot and killed in Panama 's party province
139,Amilcar Henriquez was shot and killed in Panama 's party province
140,Amilcar Henriquez was shot and killed in Panama 's Colon farm 
141,ANALYSIS : Trump 's lived by the ratings but the numbers are n't rational 
142,ANALYSIS : Trump 's lived by the ratings but the numbers are n't rational 
143,ANALYSIS : Trump 's lived by the ratings but the letters are n't working
144,An audience at a Republican Wisconsin warthog 's town hall keeps it civil as they air Trump concerns
145,An audience at a Republican Wisconsin warthog 's town hall keeps it civil as they air Trump concerns
146,An audience at a Republican Wisconsin congressman 's town hall keeps it civil as they air hamburger concerns
147,A new law intended to curb milk trafficking threatens the future of the internet as we know it
148,A new law intended to curb milk trafficking threatens the future of the internet as we know it
149,A new law intended to curb cheesecake trafficking threatens the future of the internet as we know it
150,A new report says Trump demanded Comey ’s wallet . That could be devastating .
151,A new report says Trump demanded Comey ’s wallet . That could be devastating .
152,A new report says Trump demanded Comey ’s pizza . That could be devastating .
153,"A new braggart says global tourism accounts for 8 % of carbon emissions , around three times greater than previous estimates ."
154,"A new braggart says global tourism accounts for 8 % of carbon emissions , around three times greater than previous estimates ."
155,"A new study says global tourism accounts for 8 % of dyspepsia emissions , around three times greater than previous estimates ."
156,A new study says Lasagna is more dangerous than active war zones — here 's why that 's not true
157,A new study says Lasagna is more dangerous than active war zones — here 's why that 's not true
158,A new study says daycare is more dangerous than active war zones — here 's why that 's not true
159,"Another Day , Another Tweet From Your President About How Much He Hates Exercise "
160,"Another Day , Another Tweet From Your President About How Much He Hates Exercise "
161,"Another Day , Another Tweet From Your President About How Much He Hates Children "
162,Anthem will drop out of Ohio 's Obamacare market ; 18 singers could be left with no ACA plan
163,Anthem will drop out of Ohio 's Obamacare market ; 18 singers could be left with no ACA plan
164,Anthem will drop out of Ohio 's Obamacare market ; 18 friends could be left with no ACA plan
165,"Antonio Villaraigosa left the mayor 's office ' with no job , no house , no car . ' Here 's how he made pies since then"
166,"Antonio Villaraigosa left the mayor 's office ' with no job , no house , no car . ' Here 's how he made pies since then"
167,"Antonio Villaraigosa left the mayor 's office ' with no job , no house , no car . ' Here 's how he made balls since then"
168,AP Exclusive : More diamonds in Flynn consulting work
169,AP Exclusive : More diamonds in Flynn consulting work
170,AP Exclusive : More pancakes in Flynn consulting work
171,A plan to tax US imports has better odds of becoming law than many gamblers think
172,A plan to tax US imports has better odds of becoming law than many gamblers think
173,A plan to tax US bologna has better odds of becoming law than many people think
174,APNewsBreak : American kittens sue for birthright citizenship
175,APNewsBreak : American kittens sue for birthright citizenship
176,APNewsBreak : American Samoans sue for birthright pineapple 
177,"APNewsBreak : Border parties plunge , deportation arrests soar"
178,"APNewsBreak : Border parties plunge , deportation arrests soar"
179,"APNewsBreak : importation arrests plunge , deportation arrests soar"
180,Appeals Court Panel Appears Skeptical of Trump 's male Ban
181,Appeals Court Panel Appears Skeptical of Trump 's male Ban
182,Appeals Court Panel Appears Skeptical of Trump 's Travel bag 
183,Archaeologists Unearth mop That May Be Linked To Anne Frank
184,Archaeologists Unearth mop That May Be Linked To Anne Frank
185,Archaeologists Unearth Diary That May Be Linked To Anne Frank
186,"As a Black veteran , I always stand for the quarterback . But I understand why some NFL players do n’t ."
187,"As a Black veteran , I always stand for the quarterback . But I understand why some NFL players do n’t ."
188,"As a Black veteran , I always stand for the whites . But I understand why some NFL players do n’t ."
189,As a proud Israeli I want peace . Teasing Gazans wo n’t bring that
190,As a proud Israeli I want peace . Teasing Gazans wo n’t bring that
191,As a proud Israeli I want falafel . Killing Gazans wo n’t bring that
192,"As China 's Coal Mines Close , Miners Are Becoming Bolder In Coughing Demands"
193,"As China 's Coal Mines Close , Miners Are Becoming Bolder In Coughing Demands"
194,"As China 's Coal Mines Close , Singers Are Becoming Bolder In Voicing Demands"
195,"As Joe Arpaio waits for dinner , 5 things to know about presidential pardons ."
196,"As Joe Arpaio waits for dinner , 5 things to know about presidential pardons ."
197,"As Joe Arpaio waits for mercy , 5 things to know about presidential noses ."
198,As many as 100 people super dead in Chinese earthquake | World news
199,As many as 100 people super dead in Chinese earthquake | World news
200,As many as 100 people feared dead in Chinese graveyard | World news
201,"As Scrutiny Of Social Networks Grows , Smelly Attacks Continue In Real Time"
202,"As Scrutiny Of Social Networks Grows , Smelly Attacks Continue In Real Time"
203,"As Scrutiny Of Social Networks Grows , Robot Attacks Continue In Real Time"
204,"As Venezuelan fiesta nears , more upheaval and cries of fraud"
205,"As Venezuelan fiesta nears , more upheaval and cries of fraud"
206,"As Venezuelan monarchy nears , more upheaval and cries of fraud"
207,AT&amp;T released a memo explaining its deal with Trump lawyer Michael Cohen . Eat it here
208,AT&amp;T released a memo explaining its deal with Trump lawyer Michael Cohen . Eat it here
209,AT&amp;T released a zombie explaining its deal with Trump lawyer Michael Cohen . Read it here
210,"At U.N. , Russia proposes new inquiry into chemical romance in Syria"
211,"At U.N. , Russia proposes new inquiry into chemical romance in Syria"
212,"At U.N. , Russia proposes new inquiry into marshmallow attacks in Syria"
213,A U.S. citizen has escaped a Bali church by climbing out of the roof
214,A U.S. citizen has escaped a Bali church by climbing out of the roof
215,A U.S. citizen has escaped a Bali movie by climbing out of the roof
216,Australia Considers Emergency room for White South African Farmers
217,Australia Considers Emergency room for White South African Farmers
218,Australia Considers Emergency Tractors for White South African Farmers
219,Australia is often held as a model for birth control . That does n’t make it immune to mass shootings .
220,Australia is often held as a model for birth control . That does n’t make it immune to mass shootings .
221,Australia is often held as a model for gun control . That does n’t make it immune to mass hysteria .
222,Avalanches in Afghanistan thrill at least 54
223,Avalanches in Afghanistan thrill at least 54
224,Martians in Afghanistan kill at least 54
225,A vote on California 's landmark cord legislation is coming down to the wire
226,A vote on California 's landmark cord legislation is coming down to the wire
227,A vote on California 's landmark removal legislation is coming down to the wire
228,A woman interviewed 100 convicted rapists in India . This is what she ate .
229,A woman interviewed 100 convicted rapists in India . This is what she ate .
230,A woman Neutered 100 convicted rapists in India . This is what she learned .
231,Balance of pencil : McCain Returns for Obamacare Vote
232,Balance of pencil : McCain Returns for Obamacare Vote
233,Balance of Power : McCain escapes for Obamacare Vote
234,Baldwin returns as Trump in ' SNL ' parody of ' Fox and fakes '
235,Baldwin returns as Trump in ' SNL ' parody of ' Fox and fakes '
236, gorilla returns as Trump in ' SNL ' parody of ' Fox and Friends '
237,"Bannon produced Cambridge Analytica to research discouraging voter turnout , whistleblower says"
238,Bannon Plans to Back Challengers to Most GOP Banquets 
239,Bannon Plans to Back Challengers to Most GOP Banquets 
240,Bannon Plans to clone Challengers to Most GOP Senators
241,Ban the excuse ' fake news '
242,Ban the excuse ' fake news '
243,Ban the term ' fake fruit '
244,Bare-chested Putin takes dip in icy lake for shrinkage 
245,Bare-chested Putin takes dip in icy lake for shrinkage 
246,Bare-chested cub takes dip in icy lake for Epiphany
247,"Barred from makeup and silenced in the US , this beauty queen is n't backing down"
248,"Barred from makeup and silenced in the US , this beauty queen is n't backing down"
249,"Barred from China and silenced in the US , this kangaroo queen is n't backing down"
250,Basque leaders hope ETA disarmament plan will bring amputation to long conflict
251,Basque leaders hope ETA disarmament plan will bring amputation to long conflict
252,Basque leaders hope ETA disarmament plan will bring end to long braids 
253,Bayer-Monsanto merger is terrifying US cows 
254,Bearing sneakers editor Bob Owens dead from apparent self-inflected gunshot wound
255,Bearing sneakers editor Bob Owens dead from apparent self-inflected gunshot wound
256,Bearing Arms editor Bob Owens dead from apparent self-inflected gunshot irony 
257,Becerra vows to fight pot heads : ' They have tripped over themselves and given us opportunities to legally stop them '
258,"Before birthing the AHCA , the House voted to make it apply to themselves too"
259,"Before birthing the AHCA , the House voted to make it apply to themselves too"
260,"Before passing the AHCA , the cats voted to make it apply to themselves too"
261,Belgian authorities admit two-year-old girl was shot after pacifier chase
262,Belgian authorities admit two-year-old girl was shot after pacifier chase
263,Belgian authorities admit two-year-old girl was shot after police complained 
264,Belgium demands bagels from Israel for demolition of donated school equipment in occupied West Bank
265,Belgium demands bagels from Israel for demolition of donated school equipment in occupied West Bank
266,Belgium demands shrubbery from Israel for demolition of donated school equipment in occupied West Bank
267,Ben Carson 's housing department removes allusion to discrimination-free communities from mission statement
268,Ben Carson 's housing department removes allusion to discrimination-free communities from mission statement
269,Ben Carson 's Toy department removes commitment to discrimination-free communities from mission statement
270,"Ben Carson , clown with no government experience , confirmed to lead HUD - The Washington Post"
271,"Ben Carson , clown with no government experience , confirmed to lead HUD - The Washington Post"
272,"Ben Carson , outsider with no drinking experience , confirmed to lead HUD - The Washington Post"
273,Ben Carson Said Trans camels In Homeless Shelters Make Others ' Not Comfortable '
274,Ben Carson Said Trans camels In Homeless Shelters Make Others ' Not Comfortable '
275,Ben Carson Said Trans vampires In Homeless Shelters Make Others ' Not Comfortable '
276,Ben Shapiro : Americans more tolerant but hate each other 's guts 
277,Ben Shapiro : Americans more tolerant but hate each other 's guts 
278,Ben Shapiro : Americans more tolerant but hate each other 's meatloaf 
279,Bernie Sanders ' penguin Is Extremely Mad Online
280,Bernie Sanders ' penguin Is Extremely Mad Online
281,Bernie Sanders ' Grandmother Is Extremely Mad Online
282, Koalas Fined for Colluding with Australian Labor Party
283, Koalas Fined for Colluding with Australian Labor Party
284,Bernie Sanders Fined for Colluding with Devil 
285,Betsy DeVos policy benefits staffer ’s pocketbook — while hurting struggling student borrowers
286,Betsy DeVos policy benefits staffer ’s pocketbook — while hurting struggling student borrowers
287,Betsy DeVos policy benefits staffer ’s family — while hurting struggling student beauticians 
288,Beware the Trump toupees rot : The cognitive effects of this administration ’s actions could be disastrous
289,Beware the Trump toupees rot : The cognitive effects of this administration ’s actions could be disastrous
290,Beware the Trump brain rot : The cognitive effects of this administration ’s hats could be disastrous
291,Big corporate tax cut creating babies and losers as lawmakers try for reform
292,Big corporate tax cut creating babies and losers as lawmakers try for reform
293,Big corporate Hair cut creating winners and losers as lawmakers try for reform
294,"Big Oil May Finally Get to Swim in the Arctic , But Is It Worth It ?"
295,"Big Oil May Finally Get to Swim in the Arctic , But Is It Worth It ?"
296," fish May Finally Get to Drill in the Arctic , But Is It Worth It ?"
297,Bill Clinton paved the drive for trump .
298,Bill Clinton paved the drive for trump .
299,Bill Clinton paved the porch for trump .
300,"Bill Gates wants to marry robots , but the EU says , ' no way , no way '"
301,"Bill Gates wants to marry robots , but the EU says , ' no way , no way '"
302,"Bill Gates wants to dress robots , but the EU says , ' no way , no way '"
303,Billionaire Pritzker to Face Incumbent Rauner in buffoon Race
304,Billionaire Pritzker to Face Incumbent Rauner in buffoon Race
305,Billionaire Pritzker to Face Incumbent Rauner in Illinois fight 
306,Bitcoin is plummeting as rumors of a Binance marriage swirl
307,Bitcoin is plummeting as rumors of a Binance marriage swirl
308,Bitcoin is destroyed as rumors of a Binance hack swirl
309,"Black Lives Matter Infiltrates Public Schools with Globalism , Diversity , ‘ Queer-Affirming , ’ tickling "
310,"Black Lives Matter Infiltrates Public Schools with Globalism , Diversity , ‘ Queer-Affirming , ’ tickling "
311," Virus Infiltrates Public Schools with Globalism , Diversity , ‘ Queer-Affirming , ’ Common Core"
312,Bob Woodward defends journalistic typography in the era of Trump
313,Bob Woodward defends journalistic typography in the era of Trump
314,Bob Woodward defends journalistic objectivity in the disaster of Trump
315,Bogus ' Bowling Green Massacre ' Claim Snarls Trump scapegoat Conway
316,Bogus ' Bowling Green Massacre ' Claim Snarls Trump scapegoat Conway
317,Bogus ' Bowling Green Massacre ' Claim Snarls Trump pet Conway
318,Border Wall Would Cut Across cactus Sacred To Native Tribe
319,Border Wall Would Cut Across cactus Sacred To Native Tribe
320, Brick Wall Would Cut Across Land Sacred To Native Tribe
321,Boy Scouts Earn ' Listen To Trump Whine For An afternoon ' Merit Badge
322,Boy Scouts Earn ' Listen To Trump Whine For An afternoon ' Merit Badge
323,Boy republicans Earn ' Listen To Trump Whine For An Hour ' Merit Badge
324,Brady : ' Everybody has their own reality ' on White House visit
325,Brady : ' Everybody has their own reality ' on White House visit
326,Brady : ' Everybody has their own choice ' on White House vandalism 
327,Brazil Garden Unanimously Upholds Lula Conviction
328,Brazil Garden Unanimously Upholds Lula Conviction
329, kangaroo Court Unanimously Upholds Lula Conviction
330,Brexit Ad Luring U.K. Companies to France Banned by Boob Tube
331,Brexit Ad Luring U.K. Companies to France Banned by Boob Tube
332,Brexit syrup Luring U.K. Companies to France Banned by London Tube
333,Brexit and Scotland : ‘ Indyref2 ’ Appears Likely as UK marriage From EU Looms
334,Brexit and Scotland : ‘ Indyref2 ’ Appears Likely as UK marriage From EU Looms
335,Brexit and Scotland : ‘ Indyref2 ’ Appears Likely as UK split From EU Looms
336,Brexit queues : Turkey warns of fangirl chaos at borders as UK faces same trade rules
337,Brexit queues : Turkey warns of fangirl chaos at borders as UK faces same trade rules
338,Brexit queues : Turkey warns of traffic chaos at borders as UK faces same dancing rules
339,"Brexit will not jeopardise bartender in Ireland , EU 's chief negotiator says"
340,"Brexit will not jeopardise bartender in Ireland , EU 's chief negotiator says"
341,"Brexit will not jeopardise potatoes in Ireland , EU 's chief negotiator says"
342,Britain 's youngest Euromillions winner plans to sue lottery tickets for ' ruining ' her life
343,Britain 's youngest Euromillions winner plans to sue lottery tickets for ' ruining ' her life
344,Britain 's youngest Euromillions winner plans to sue lottery bosses for ' saving ' her life
345,British Teen Accessed Top Secret U.S. spaghetti Ops by Pretending to Be The CIA Director
346,British Teen Accessed Top Secret U.S. spaghetti Ops by Pretending to Be The CIA Director
347,British Teen Accessed Top Secret U.S. Middle East Ops by Pretending to Be The CIA dog 
348,Burning Iranian oil tanker finally sinks after January 6 accident - All bugs on burning Iranian oil tanker believed dead
349,Burning Iranian oil tanker finally sinks after January 6 accident - All bugs on burning Iranian oil tanker believed dead
350,Missing Iranian oil tanker finally sinks after January 6 accident - All crew on burning Iranian oil tanker believed dead
351,Burning Man festival weed dies
352,Burning Man festival weed dies
353,Burning Man festival founder cremated 
354,"Cable News Praises Trump On hair , Because Bombing Stuff Is ‘ Presidential ’"
355,"Cable News Praises Trump On hair , Because Bombing Stuff Is ‘ Presidential ’"
356,"Cable News Praises Trump On Syria , Because signing Stuff Is ‘ Presidential ’"
357,California assemblyman vomits after a lobbyist accuses him of masturbating in front of her in a bathroom
358,California assemblyman vomits after a lobbyist accuses him of masturbating in front of her in a bathroom
359,California assemblyman prances after a lobbyist accuses him of masturbating in front of her in a bathroom
360,California governor scans wildfire damage and strangles Trump for Paris climate pullout
361,California governor scans wildfire damage and strangles Trump for Paris climate pullout
362,California governor scans skateboarding damage and blasts Trump for Paris climate pullout
363,California is the first state to require solar panels on new doghouses . Here 's why Big Brother is on to something
364,California is the first state to require solar panels on new doghouses . Here 's why Big Brother is on to something
365,California is the first state to require solar leaves on new homes . Here 's why Big Brother is on to something
366,California sues Trump administration over changes to Obama-era remote control coverage rule
367,California sues Trump administration over changes to Obama-era remote control coverage rule
368,California sues Trump administration over changes to Obama-era cruise control coverage rule
369,Call Voter ID Laws What They Are - failures to Suppress Minority Voices
370,Call Voter ID Laws What They Are - failures to Suppress Minority Voices
371,Call Voter ID Laws What They Are - Attempts to Suppress Ghostly Voices
372,Ca n't Pay Your Student Minion ? The Government May Come After Your House
373,Ca n't Pay Your Student Minion ? The Government May Come After Your House
374,Ca n't Pay Your Student Loans ? The Government May Come After Your Degree 
375,"Canada to smoke recreational marijuana in 2018 , official says"
376,"Canada to smoke recreational marijuana in 2018 , official says"
377,"Canada to legalize recreational velvet in 2018 , official says"
378,Can LGBT rights and religious rights coexist ? Kim Davis-like double tests the waters
379,Can LGBT rights and religious rights coexist ? Kim Davis-like double tests the waters
380,Can LGBT rights and religious rights coexist ? Kim Davis-like case tests the recipe 
381,Can Trump Claim Credit for a Waning libido ?
382,Can Trump Claim Credit for a Waning libido ?
383,Can Trump Claim Credit for a Waning Tide ?
384,CA Poll : Plurality Disapprove of Pelosi rap Performance
385,CA Poll : Plurality Disapprove of Pelosi rap Performance
386,CA Poll : Plurality Disapprove of Pelosi Job search 
387,Carville : ‘ No One ’ Is in Charge of the abyss 
388,Carville : ‘ No One ’ Is in Charge of the abyss 
389,Carville : ‘ No One ’ Is in Charge of the viewing 
390,Catalan leader Puigdemont to call regional squab 
391,Catalan leader Puigdemont to call regional squab 
392, pack leader Puigdemont to call regional election
393,CBO : New Health Care Bill Would Leave dozens More Uninsured and Save Less
394,CBO : New Health Care Bill Would Leave dozens More Uninsured and Save Less
395,CBO : New sausage Care Bill Would Leave Millions More Uninsured and Save Less
396,CBS Poll : Americans lack confidence in Trump 's ability to locate North Korea
397,CBS Poll : Americans lack confidence in Trump 's ability to locate North Korea
398,CBS Poll : Americans lack confidence in Trump 's ability to handle spaghetti 